Date,Food & Beverages,Tobacco,Textiles/Clothing,Housing/Utilities,Furniture/Household,Medical Care,Transportation,Communications,Recreation/Culture,Education,Restaurants/Hotels,Miscellaneous,__sum,__headline,__residual
2014-01-01,,,,,,,,,,,,,0.0,,
2014-02-01,,,,,,,,,,,,,0.0,,
2014-03-01,,,,,,,,,,,,,0.0,,
2014-04-01,,,,,,,,,,,,,0.0,,
2014-05-01,,,,,,,,,,,,,0.0,,
2014-06-01,,,,,,,,,,,,,0.0,,
2014-07-01,,,,,,,,,,,,,0.0,,
2014-08-01,,,,,,,,,,,,,0.0,,
2014-09-01,,,,,,,,,,,,,0.0,,
2014-10-01,,,,,,,,,,,,,0.0,,
2014-11-01,,,,,,,,,,,,,0.0,,
2014-12-01,,,,,,,,,,,,,0.0,,
2015-01-01,0.019574468085107943,0.034383954154727725,-0.03006908981676194,2.5135817552433313,0.16341263330598893,0.017045683236063792,0.21672220539230388,0.022447953334003533,0.034192249622546037,0.16822145609409822,0.09855159927579946,0.3483937609751052,3.6064586289023137,3.662000405761834,0.05554177685952011
2015-02-01,0.1206097560975616,0.0382726156365123,-0.05119095276220971,2.5263109756097526,0.14287461773700372,0.012813034295484416,0.24060256799110497,0.022450211225105245,0.003441720860430353,0.16822145609409822,0.05833667334669352,0.2438716250636773,3.5266143011952145,3.616288492706654,0.08967419151143963
2015-03-01,0.1633969582525265,0.035243640821330136,-0.055334863758857926,3.1739363314805447,0.11674583122789314,0.013224801527484686,0.24018974566006981,0.022450211225105245,0.0021506451935579206,0.16822145609409822,0.09318705540527074,0.21799694966954775,4.191408762798571,4.315746917323615,0.12433815452504415
2015-04-01,0.1208553971486758,0.03309837572785779,-0.03691570115860961,3.131562499999999,0.09010922938170154,0.00983540746688103,0.19824984912492416,-0.0003095356964555429,0.0030118070842512167,0.16454747924681146,0.19848697394789674,0.25323975180551345,4.165771534079447,4.254890098810238,0.08911856473079105
2015-05-01,0.19785945072697686,0.03309837572785779,-0.07843803056027128,3.199022571543738,0.08048707455833863,0.008139534883721256,0.1980506430868177,-0.002165668662674536,-0.00816754973507956,0.16454747924681146,0.23481659651232717,0.25417978669375285,4.281430264022316,4.316763936405721,0.03533367238340457
2015-06-01,0.1991781096521966,-0.000987849451743683,-0.11060530265132623,3.479031120958802,0.05452914798206265,0.0077177508269018705,0.05675271603707861,-0.002165668662674536,-0.0012890976316578874,0.16454747924681146,0.22607389606488404,0.0459616330545984,4.118743935425933,4.218859605170855,0.10011566974492148
2015-07-01,0.4686687493701473,-0.009203054630898655,-0.1000400200100048,3.39460110386352,0.05518341307815007,-0.0006979062811566017,0.024676874130046444,-0.002165668662674536,-0.0008594843094143045,0.16454747924681146,0.2310966449674514,0.021982335623158634,4.247790466385137,4.43576649644537,0.18797603006023333
2015-08-01,0.08841793987185591,-0.009106041319886238,-0.12923677884615342,3.3587474949899763,0.04617374863170483,-0.0009765819631288198,1.5648554683619726,-0.002165452549645841,-0.003864975531808601,0.16454747924681146,0.23986006996501927,0.04093682345994978,5.358189194316667,4.9451645064805705,-0.4130246878360966
2015-09-01,0.2830630982613797,-0.009300048947626038,-0.061553725568013105,2.8340933767643888,0.05509554140127335,0.00027921818907041814,0.8665937562139585,-0.002165668662674536,0.0,0.14249780637613388,0.24340829585207413,0.0479779049122115,4.399989554792176,4.286843145001984,-0.11314640979019241
2015-10-01,0.05901448148508113,0.0011871784724970524,-0.013759555246699463,2.8270997634069404,0.04140951622536378,0.0006982543640900119,0.235249651879847,-0.003093812375249927,0.0008587976832431065,0.14249780637613388,0.24409354387367668,0.0663572627629108,3.6016128889078343,3.6803157375431717,0.07870284863533739
2015-11-01,0.161920725695126,0.0011871784724970524,0.00898910411622258,2.81873646919897,0.009132060617988458,-0.0016728069302003323,-0.12628753231258633,-0.002475049900199322,0.003006692638098318,0.14249780637613388,0.18586018839861254,0.0638924582386096,3.2647872946092726,3.519177540529861,0.25439024592058823
2015-12-01,0.1674723962996093,0.0011871784724970524,0.018923541247484098,2.863206997084548,0.012267767620171099,-0.008325074331020987,-0.21592059553349977,-0.002784987023358232,0.0012887112887111974,0.14249780637613388,0.2200456938511969,0.08243336966214088,3.2822928050146136,3.596059113300498,0.3137663082858846
2016-01-01,0.3308984216916189,0.0011871784724970524,0.03167946645109132,2.017674947847526,-0.016546341463414292,-0.0025052192066806313,-0.6116019900497495,-0.0021667498751874238,-0.00042939884162155326,0.14249780637613388,0.21060515873015878,-0.0031347962382447746,2.0981584838941285,2.5540659555729484,0.45590747167881984
2016-02-01,0.22244610114849725,-0.004533806426177733,0.057365050320219234,1.964887879648032,-0.009679937548790107,0.0,-0.9860155162124542,-0.0018573996405032212,0.005588323502949022,0.14454518865165253,0.223683164380839,0.010050053979782092,1.6264791018040456,2.199628507185447,0.5731494053814015
2016-03-01,0.3689095127610211,-0.003157686994276765,0.09245761851588644,1.2768583579881672,-0.009048361934477712,-0.0011149825783973054,-1.3322808062754439,-0.0018573996405032212,0.005588882223555402,0.14454518865165253,0.18606606012658275,-0.002517207472959626,0.724449175370807,1.4242805929658209,0.6998314175950139
2016-04-01,0.4235009085402757,-0.0010877088895481224,0.07466666666666641,1.2561997968793255,-0.017153996101364654,0.00013952561291579179,-0.8866924679964256,-0.004024365887756865,-0.0030096990300974903,0.15916220165611308,0.07889657861389947,-0.034442270058708147,1.0461551700052951,1.6247582205028976,0.5786030504976025
2016-05-01,0.09066295042803123,0.0011865915158708606,0.11647058823529444,1.1843113772455025,-0.019004965436666056,0.00376719154873415,-0.34014077525528086,-0.004024767801857421,0.004306891025640414,0.15916220165611308,0.04408226620101012,-0.009378663540445586,1.231400885821947,1.620526671168121,0.38912578534617404
2016-06-01,0.13498666139709625,0.0011865915158708606,0.1673913043478268,0.9473953573386977,0.006270821085635703,0.006279904306220274,0.031890389197776384,-0.004024767801857421,-0.004298280687725031,0.15916220165611308,0.05029597282872384,-0.03625708146122335,1.4602790737231552,1.7596153846153761,0.2993363108922209
2016-07-01,0.08608187134502986,0.000494071146245112,0.1545810978126285,0.9212010586839443,0.009093581577658227,0.007401496259351825,0.14346401985111532,-0.004643962848297156,-0.004298280687725031,0.15916220165611308,0.049582929194955855,0.007511002444988435,1.5296310864360085,1.7641418983700863,0.23451081193407775
2016-08-01,0.14597453476983507,0.02183794466403155,0.22084853539038807,1.5676730821855356,0.005650382577987045,0.026525727961707136,-1.5771038937735498,-0.0588176552826043,-0.15817672930827686,0.21971748660496837,0.16749492410325753,0.13141683778234067,0.7130411776756201,1.2825384761542713,0.5694972984786512
2016-09-01,-0.21133231240428899,0.027569169960474316,0.09441916894146173,1.0255171785291175,0.01721945015164863,0.026520438683948065,-1.044129516658844,-0.0563467492260063,0.16787818272591096,0.20554455445544548,0.20720912253575505,0.13283728216173926,0.5929059698563617,0.7577192650123132,0.16481329515595156
2016-10-01,-0.07478950933901185,0.027569169960474316,0.08125809989033977,1.0057715065999107,0.0031446540880502027,0.07523429710867395,-0.5216327329678914,-0.06100899100899104,0.2374101437699677,0.20950495049504986,0.20716908212560395,0.13573103987490356,1.3253617105970799,1.275218880852691,-0.050142829744388884
2016-11-01,0.12104083422668493,0.027667984189723382,0.11222456987624531,0.9639247409561895,0.06719654597193596,0.07508722958827642,0.06442683782970571,-0.052636835797043355,0.08026552206029117,0.20950495049504986,0.1962121944149195,0.11900567625758356,1.983920250069562,1.9576012223071038,-0.026319027762458314
2016-12-01,0.06510073710073727,0.027667984189723382,0.08780634190257107,0.5411242603550231,0.07583235409322384,0.07523429710867395,0.06471892000805908,-0.05079428514337078,-0.17521222410865891,0.20950495049504986,0.18469987474708532,0.1489973588966052,1.2546805696447225,1.2363290537327654,-0.01835151591195716
2017-01-01,0.08726410433751504,0.007608695652173925,0.059783805424882354,0.7448880931065353,0.07468863391193495,0.07919529927298073,0.6368262540242994,-0.05234812150279789,-0.09705383002097231,0.20950495049504986,0.0875614221023211,0.5959031657355681,2.433822472539491,2.280534351145058,-0.1532881213944326
2017-02-01,0.10672218917311277,0.009603960396039612,0.05407673860911335,0.7199499015924143,0.06953117353430542,0.08022722742674876,1.1025920000000005,-0.04646282973621108,-0.18245806709265167,0.20742695570216793,0.0875614221023211,0.7795394414502697,2.98831011315763,2.6784006122058557,-0.3099095009517745
2017-03-01,-0.05423462369817269,0.012175806770936548,0.022810309074751078,0.5743605739238968,0.04098953749877765,0.07978479625386052,2.0387674825174846,-0.04770183852917648,-0.18075886170743946,0.20742695570216793,0.11836754360605099,0.8045642337202438,3.616551915133381,2.9614061902942357,-0.6551457248391452
2017-04-01,-0.062174338883445215,0.011581864977232348,0.0332477281706838,0.528352626892257,0.03762861342479198,0.07854509217737936,0.9563655573164287,-0.07098290170982877,-0.012907744646788132,0.1990801576872537,0.14921430637231198,0.7800885391047714,2.6280395008830477,2.169775409212038,-0.4582640916710097
2017-05-01,0.1692246835443024,0.012641975308641973,0.03293478260869491,0.5009348290598311,0.042624877571008565,0.07472418248683045,0.4920016240357291,-0.07595000000000059,-0.23233940364218447,0.1990801576872537,0.14306787504820723,0.6587222385285202,2.0176678222368345,1.888941623160889,-0.1287261990759454
2017-06-01,0.20659491193737736,0.012246913580246765,0.0338128078817733,0.3365730037346559,0.03817719538431419,0.07307730475339866,0.744897959183676,-0.08277000000000052,-0.336892135281168,0.1990801576872537,0.12861823087299915,0.6972102161100195,2.0506265658445457,1.9937635831049905,-0.05686298273955526
2017-07-01,0.1550561797752813,0.012246913580246765,-0.04033116499112909,0.3151515151515142,0.021262458471760226,0.07293113713038295,-0.15641832121092755,-0.08185637127425509,-0.03743245947568544,0.1990801576872537,0.1224137931034493,0.6745726286998149,1.2566764666477064,1.1682683248539494,-0.088408141793757
2017-08-01,0.14578406667958807,-0.008896625084614751,-0.10188568637029807,-0.3300863346995742,0.04261652957305131,0.05220199647680564,0.39209414604707216,-0.01987988599348548,-0.15975508509755038,0.13880762821699716,-0.018107112496459365,0.61810865191147,0.751002289163002,0.7972985648625697,0.046296275699567624
2017-09-01,0.21327760497667125,-0.013655159149918328,-0.08108905052093596,-0.027152083517654302,0.011521992993382923,0.053150684931506834,0.6316385322955635,-0.023019021462719925,-0.4698347107438018,0.10685005393743335,-0.02999999999999996,0.602800690581239,0.9744895343207666,1.146832111299112,0.17234257697834543
2017-10-01,0.33032986280042875,0.7016059236465044,0.01765907764156436,0.18996374568927313,0.05372079324563117,0.005166051660516535,0.8344127499746208,-0.016111280953836193,-0.46299555303245327,0.15126639123405733,0.031993991738639795,0.5543114173605134,2.3913231710054603,2.0860740462319116,-0.3052491247735487
2017-11-01,0.2626412906965496,0.7014423076923076,0.017660795952125663,0.14769733934411836,-0.0024603555982700698,0.005166051660516535,0.5321018472291571,-0.027402966876651558,-0.3556295933365993,0.15126639123405733,0.04940291490362068,0.6013835511145273,2.0832695740154588,1.7326964503137754,-0.35057312370168336
2017-12-01,0.4468160031301964,0.7024038461538464,0.03247588424437311,-0.10833995234312693,-0.014692940501243968,0.00463620020815596,1.3560280842527581,-0.03747079735906537,0.13788651743883418,0.15126639123405733,0.05533852943938406,0.5940541057260291,3.320401871624198,2.7336777829966907,-0.5867240886275074
2018-01-01,0.9972312223858611,0.8435814455231931,0.2913291388124265,-0.15236551603294202,0.09997125059894643,0.0,1.8698576972833107,0.10271369041569328,0.2574639828343718,0.19653314172803998,0.6412772437422674,0.4424280462655787,5.590021343556747,4.757906521130706,-0.8321148224260408
2018-02-01,0.8933884297520638,0.8439737177601255,0.2841918993314987,-0.20614158051515413,0.1548041000095793,0.0,1.715858375483489,0.09685534591194951,0.35239286831404487,0.19653314172803998,0.6838488626629878,0.277847658979735,5.293552819418359,4.453139556549268,-0.8404132628690908
2018-03-01,0.6792463996843574,0.8393154034229827,0.2802588996763755,-0.3974846625766886,0.15261633519984558,0.0007917805636725283,1.1058485139022056,0.09783844124213546,0.2769856160100061,0.19653314172803998,0.6137630331753552,0.24718629849702864,4.092899200525316,3.3586936351827745,-0.7342055653425419
2018-04-01,0.6815820543093267,0.8403953420099814,0.411128495990612,-0.7086723956506518,0.14690556900726365,0.0022457067371203896,1.6156271690629667,0.12372083503888671,0.20541951023685254,0.1866833945694051,0.45518836748182406,0.27443002455278814,4.234654073346376,3.5301788375558862,-0.7044752357904898
2018-05-01,0.3653575615474793,0.8348775968009363,0.4277957147050189,-0.8557164166008577,0.14289580514208353,0.00026420079260245364,1.7834249803613493,0.11058944131214758,0.4525597630632525,0.19383457299041104,0.4791040544371981,0.35653330967799235,4.291520584229614,3.4842556362958854,-0.8072649479337288
2018-06-01,0.3711751662971181,0.8466191823592546,0.5432416617905209,-1.0268732940036942,0.1527638190954775,-0.0002640762048475853,1.5729852012442234,0.11689098941744609,0.5648680924981001,0.1934581951787794,0.48717584705659606,0.2840287005049163,4.10606948523389,3.298128589957372,-0.8079408952765181
2018-07-01,0.35689655172413637,0.8639867304127233,0.6091598483336659,-1.2130316104605046,0.1605901766647257,-0.0011883429218146001,2.5225434674615013,0.11815286624203837,0.24306046229938505,0.19534008423693855,0.5048859009563487,0.268080593849416,4.62847672879856,3.780964797913944,-0.8475119308846164
2018-08-01,0.3943991560372118,0.8639867304127233,0.6504183889504991,-1.3422595984501586,0.155237727097024,-0.0002641758656476423,2.4769517092761286,0.11052146296486018,0.5964755335201556,0.22883770947217458,0.5150189393939408,0.16216688510266408,4.811490467911575,3.8525963149078635,-0.9588941530037118
2018-09-01,0.41345840911266285,0.8677976016379061,0.7175937122128179,-1.4734195147866094,0.19486085523126134,-0.002243589743589735,1.8771630655944196,0.11182619389219031,0.5376739669867301,0.15059174191286062,0.4981046676096176,0.12230014025245453,4.0157072499127215,3.094795539033468,-0.9209117108792535
2018-10-01,0.29375653330799084,0.08267872280305187,0.5528210587438309,-1.7691698909602536,0.18445495799942152,-0.002243589743589735,1.3599001344344175,0.1070170047121489,0.46506202947725617,0.1030429128738625,0.432635514018692,0.11104456579179214,1.920999953458621,1.6200294550809957,-0.30097049837762535
2018-11-01,0.2525028441410695,0.08267872280305187,0.6078106852497096,-1.8157454673473035,0.11295566028662093,-0.002243589743589735,1.2855876685934475,0.10963608405945742,0.35599829078089973,0.1030429128738625,0.4879633952750022,0.1023010714913056,1.6824882784635335,1.3349291106609984,-0.34755916780253515
2018-12-01,0.17129050596929993,0.08929680881107016,0.6186703975299112,-1.7027357237715797,0.11408802613876574,-0.0014522821576763434,0.27870778267253926,0.11888751799300841,0.15659235347523454,0.1030429128738625,0.5080879612374197,0.08397480755773187,0.5384510683295872,0.3474762253109054,-0.19097484301868184
2019-01-01,-0.1503708451606985,0.027235491249534505,0.30078590785907894,-1.9806389157792839,0.1162717219589254,-0.0018474879819019962,-0.9350388143966137,0.0051844564682733685,0.18571290851248407,0.05873873873873916,0.16237779329608884,-0.117007715531701,-2.328596760767075,-2.3866773532816965,-0.05808059251462172
2019-02-01,-0.26523747920901697,0.025315109291070392,0.3076574945691528,-2.028867342441602,0.08888888888888928,-0.0018474879819019962,-1.0287894923677667,0.005183946488294655,0.14088850342102785,0.05873873873873916,0.10724889313308421,0.07876098786102972,-2.512059239609,-2.5330003567606063,-0.020941117151606292
2019-03-01,-0.1024913039390817,0.025097038336789446,0.2240169935822111,-2.2316041500399013,0.058680427570954666,-0.002637776731040975,-0.7690374331550793,0.0051844564682733685,0.17390325107716406,0.05873873873873916,0.13999302041528516,0.009692074709742825,-2.410464662965944,-2.4775583482944397,-0.06709368532849558
2019-04-01,-0.1876054753422087,0.025097038336789446,-0.16471304347826085,-1.9787588430196086,0.08563755903324335,-0.002901554404145057,-0.3206499419694697,0.0027455225349336974,0.34021072796934854,0.05873873873873916,0.3389352262644181,-0.12377028504162198,-1.9270343303778426,-2.096266306792638,-0.16923197641479537
2019-05-01,-0.13265442086228058,0.024716951044490454,-0.11175298804780866,-1.869039690396903,0.06395262768319795,-0.0009245283018866291,0.1239236961848109,0.019330891814312846,0.8197530864197526,0.051807435326366225,0.38344400177069565,-0.13551802369548865,-0.7629609610607408,-1.0893050054015085,-0.3263440443407677
2019-06-01,-0.23708223807735723,0.015745535242523756,-0.2075280522525541,-1.820317748524743,0.05548791735842116,-0.0009244410904632571,-0.22859087814839874,0.019029702970297047,0.8685826696094423,0.052171678231816364,0.3867239394207786,-0.05102629346904166,-1.1477282087292786,-1.4887892376681533,-0.3410610289388747
2019-07-01,-0.2731652661064401,0.00628140703517599,-0.18123315363881365,-1.6780699351775779,0.03756354561419713,0.0,-0.8460182988817341,0.0165660564077188,0.9317282889079961,0.05035108751498525,-0.025106082036775577,-0.03365564037319686,-1.9947579907344648,-2.21643933955491,-0.221681348820445
2019-08-01,-0.21359440559440462,0.00628140703517599,-0.178145528044467,-1.6004400036666968,-0.008258064516129338,-0.0003963385863924751,-0.6932585210618869,0.015332871698486206,0.9031424514907717,0.018203450327185823,-0.03071693448702063,0.0005453770771197241,-1.7813042383282585,-2.0340501792114662,-0.2527459408832078
2019-09-01,-0.1910966542750943,0.005898319240004168,-0.23380235060420454,-1.4831575050897639,-0.022520793346129154,0.0003965631196297892,-0.8611092032967039,-0.00030662710187877583,0.8024357499041048,0.029502369668246507,-0.04754603929861645,0.06275589196628317,-1.9385502791141223,-2.1635265482736976,-0.22497626915957536
2019-10-01,-0.24525914208616276,0.006054911786198991,-0.19175232095490752,-1.4611574846967124,-0.007595398941026232,0.0003965631196297892,-0.7733485593815889,-0.005832260619863428,0.99651707970529,0.02878659671687265,-0.041904510218464634,0.09640723746861682,-1.5986872881021175,-1.856884057971031,-0.2581967698689136
2019-11-01,-0.15546038543897173,0.005741726693809346,-0.23330608908867959,-1.4233429394812651,0.053808992939427466,-0.0006609385327166261,-0.575261200637505,-0.003069306930693072,1.1301499605367007,0.02878659671687265,-0.09739624290083082,0.07911479944674937,-1.1908950266771026,-1.4445352957208946,-0.253640269043792
2019-12-01,-0.14723444080486595,0.06356942860105774,-0.25097911757536356,-1.6587643276488695,0.045727011227614155,-0.0009251392428965444,-0.11702089337175624,-0.002762649767303493,0.995688144831614,0.02878659671687265,-0.0944608695652171,-0.004420652737005782,-1.1427969093361197,-1.3668671405139388,-0.2240702311778191
2020-01-01,-0.22867987409738805,0.062296100668012944,-0.23167480751717875,-1.669475847893114,-0.07144906743185046,-0.0011892402076453478,0.5504241281809619,-0.029228049499115706,0.6818963127252564,0.0316297173802671,-0.20297832394606588,-0.052485904664275294,-1.1609148563021354,-1.34111851108476,-0.18020365478262468
2020-02-01,0.07410966647823516,0.06400746926707823,-0.15683060109289632,-1.578762886597936,-0.09018492176386914,-0.0011892402076453478,0.45442046973458217,-0.025572031817735662,0.45780535597648625,0.0316297173802671,-0.05161207560078742,-0.2688719814753554,-1.0910510597195762,-1.2994143484626686,-0.2083632887430924
2020-03-01,0.5463534760371285,0.0643705586389336,0.002234636871508644,-1.3913084732896834,-0.058782010677767005,-0.0011892402076453478,-0.2170288832439582,-0.019180907483794918,-0.4253458823529413,0.0316297173802671,-0.06925051334702292,-0.1827956989247312,-1.7202932205997064,-1.6016200294550864,0.11867319114461994
2020-04-01,0.722725976618192,0.0643705586389336,0.40955518945634245,-1.4101625629812709,-0.09264069264069227,-0.0009251392428965444,-1.1461433135554537,0.001219152492380693,-0.3988549618320612,0.03447283804366248,-0.21045054200541966,0.03566835291091621,-1.9911651440973666,-1.8562764197757708,0.1348887243215957
2020-05-01,0.8580242167980017,0.06442577030812324,0.37777678171223633,-1.3962102456674907,-0.0748911465892597,-0.0009251392428965444,-1.7089284164858998,-0.0024395042297854163,-0.7645366128124745,0.03447283804366248,-0.24094078118437628,0.031315992789080836,-2.8228562465610785,-2.703194684627286,0.11966156193379263
2020-06-01,0.7843155984334692,0.0674157303370786,0.3532660173353585,-1.0039992327611003,-0.10850407978241136,-0.001982254106097625,-1.623063623789767,-0.006406219248180234,-0.8022593006546381,0.04229141986799791,-0.15445153704014766,0.041586867305061045,-2.4117906141033774,-2.357975236707943,0.05381537739543418
2020-07-01,0.6493808344446548,0.0674157303370786,0.37882352941176456,-0.9954292298828491,-0.09793531883793136,-0.0018501038323579077,-1.0792446043165456,-0.007018407323555254,-1.3580369061641142,0.04229141986799791,0.2645493257629523,-0.019099590723056538,-2.1561533212559616,-2.1382031751858377,0.017950146070123907
2020-08-01,0.6103418884364031,0.06585518102372023,0.3020030267960474,-1.026574973550062,-0.06741822214008515,-0.0018501038323579077,-1.432530332336908,-0.004577222167536155,-1.3646041927409265,0.043712980199695606,0.25876562915669027,0.0038173142467627487,-2.6130590269085565,-2.5884935516326646,0.024565475275891924
2020-09-01,0.5787390443879022,0.061076228529915344,0.16491181186531262,-1.0326335139318863,-0.09808541973490428,0.0013215027373987276,-1.0096524039777388,0.009813037887031006,-1.207224826248586,0.016589629380620252,0.19650492326798613,-0.11557069846678018,-2.4342106843037294,-2.37722288768083,0.056987796622899545
2020-10-01,0.6484274346343311,0.05992528795268237,0.1007744433688281,-1.173013565891471,-0.07613469985358705,0.0014536530111382896,-0.7488915685001395,0.02245039682539709,-1.258968383438203,0.05118077149340259,0.14722197607443646,-0.07532622601279257,-2.3009004803359776,-2.178126442085837,0.12277403825014055
2020-11-01,0.4223163841807916,0.060826240398588194,0.10042216358839036,-1.2206926658905688,-0.0833257195066242,0.002512752692235143,-0.901649921651765,0.020891972249752255,-1.0666015625,0.05118077149340259,0.1698263642806533,-0.05683545384681139,-2.501128674511956,-2.4059734513274367,0.09515522318451941
2020-12-01,0.4817141235455512,-0.0028276131045241737,0.13581918916542093,-1.0655206190616127,-0.06733144268593882,0.002512752692235143,-1.0577212891511591,0.021813676907829337,-0.9362601754524614,0.07200605092864927,0.16456332070150712,0.018800760324866418,-2.232431265189637,-2.0971914264597324,0.13523983872990453
2021-01-01,0.3848021462863601,-0.0030245393389879416,0.12229428011753184,-1.0774950093329343,-0.04578136659634957,0.010086321556773248,-0.7995705249772932,0.02242714455681123,-0.8097411390284753,0.06358592592592656,0.14810576297988148,-0.02989753660637291,-2.0142085344571288,-1.8596680229332363,0.15454051152389248
2021-02-01,0.18653773628178244,-0.0031781118151908982,0.038371071149298164,-1.1655845972677465,-0.044044127426939285,0.010086321556773248,-0.5483763734556281,0.025598815554564336,-0.7268178256266953,0.06358592592592656,0.006895655797266365,-0.00865082129428103,-2.16557633062087,-1.9113034969247433,0.25427283369612663
2021-03-01,-0.3218329819481304,-0.010389749915953761,-0.05373453500335359,-1.095013315312253,-0.007133533578882023,0.009947396796028718,0.627913017781284,0.02129334669726237,0.27737361594835336,0.06273397549612744,0.024168751941258802,-0.010253671072792514,-0.4749276821710505,-0.591631148399796,-0.1167034662287455
2021-04-01,-0.46870577777225664,-0.010591855552650187,-0.11156142754928706,-1.0822904222282008,0.017850846250979657,0.009808472035284187,1.6103597125304057,0.0044250481297568815,-0.17669951958180444,0.05944619046148394,0.0962933439490425,-0.24312247135344905,-0.2947878606806953,-0.5185163262772408,-0.22372846559654547
2021-05-01,-0.329642077569145,0.017500827948152775,-0.15880625437620818,-1.1022534665237482,0.015256005948380391,0.009808472035284187,1.5855576002103673,0.008687969703509334,-0.53427373188719,0.05944619046148394,0.07881834558187469,-0.2090456291551483,-0.5589457476223868,-0.7811133923986358,-0.22216764477624895
2021-06-01,-0.3102725791880985,0.01254923984909051,-0.14727482363632263,-1.3243420641658377,0.039350873760524506,0.010741325736413333,1.665943766587553,0.013899260058007169,-0.6467594746167029,0.05159599223830034,0.09126444799487672,-0.24251205411560406,-0.7858160894978,-1.0850242215845407,-0.2992081320867407
2021-07-01,-0.17519516201674368,0.012246081394045927,-0.19377712231834288,-1.3706939088818593,0.06222280275565595,-0.03178809619972618,2.000339956736133,0.015123806901890812,-0.02834134616882441,0.05159599223830034,0.06501396517336051,-0.2221900176473696,0.18455695196652042,-0.2592890781397128,-0.44384603010623325
2021-08-01,-0.1405009127523315,0.013728140078370865,-0.13882742178070892,-1.3356653113540216,0.06745763262604001,-0.031649092653673286,2.4261423221762697,0.011733284531303201,-0.0616000945150254,0.0501717912527083,0.06960751739586483,-0.21671156547713438,0.7138862895276621,0.14210103399570073,-0.5717852555319614
2021-09-01,0.09428222173299572,0.015810328159517884,0.004821081777570591,-1.1792994216441306,0.08897687092738452,-0.03474607697810865,2.3578652631366084,0.012342466107373107,-0.0970288493032064,0.04796829670724767,0.13623178017644386,-0.009978754061906158,1.4372452067377899,0.8631948933011113,-0.5740503134366786
2021-10-01,0.1567065563826137,0.024976822195836856,0.056494149254494024,-1.0243173837562731,0.049335187913790435,-0.032933351724137826,2.6094118548788434,0.01332879849847326,-0.27315207139509046,0.013403293960875518,0.21318329899333602,-0.04314776851180539,1.7632893866909565,1.0967057869479602,-0.6665835997429963
2021-11-01,0.37180504986961177,0.036497571267460005,0.07705393430521432,-0.92777704124676,0.05859289133212044,-0.032933351724137826,3.4249637354072355,0.011485509122300263,-0.5386038802087103,0.013403293960875518,0.2202678691242286,-0.07112452404614444,2.643631057163294,1.885970259954628,-0.7576607972086662
2021-12-01,0.4086542808459466,0.03771432626989757,0.042297464017839,-0.7902663218163781,0.05290091192752868,-0.032794675862068835,3.354628006648196,0.009634616001603823,-0.6241960680174955,-0.03856706963732644,0.1946672959854382,-0.06788711656441748,2.546785649798763,1.7495831240582627,-0.7972025257405004
2022-01-01,0.5173098125689107,0.018858359525499413,0.07191364281370363,-0.70691016781836,-0.0035430296930044846,-0.01337931034482751,2.424975069252077,0.029526769600962434,-0.5688297777381058,0.025177340393645407,0.48965517241379247,-0.008866020186027867,2.2758878607882655,1.6072325464590698,-0.6686553143291958
2022-02-01,0.7024286581663632,0.01784808842916541,0.08469263542300709,-0.6482376237623768,-0.01766004415011011,0.008965517241379438,3.3463057466163724,0.02325697709312773,-0.3559550147492626,0.025177340393645407,0.5076557443365706,0.0,3.694478025037882,2.781136638452253,-0.9133413865856292
2022-03-01,0.8326493108728945,0.022873481057898548,0.09245761851588644,-0.5358329189457971,-0.03677793324005627,0.009104345255690437,3.442276422764229,0.020143956812956464,-0.013030303030303114,0.01259118616968169,0.49354447030254023,0.02788947212043098,4.367889108656051,3.441011235955038,-0.926877872701013
2022-04-01,1.09998976772741,0.020018384230415798,0.03512733784321538,-0.4350009966115219,-0.012788490358677507,0.009932991722506878,4.240308641975308,0.018282686925229562,0.5710750695088048,0.019308414951028797,0.45331377112212906,0.18291273943447806,6.202480318470327,5.127433273128634,-1.0750470453416927
2022-05-01,1.1339013998782725,-0.004866421690336575,0.058270151636073936,-0.3540734824281111,-0.017599999999999838,0.009932991722506878,3.963773893488705,0.018288171182881306,0.7089636990468464,0.019308414951028797,0.457023039611965,0.1790164596586891,6.171938317058521,5.136194592421339,-1.0357437246371815
2022-06-01,1.142319368548878,0.0005988023952097077,0.06253740275284222,-0.2353841536614643,0.002567188126754871,0.009932991722506878,5.038131669015502,0.018908109189080792,0.9597166841552989,0.04323405956426165,0.308357406116147,0.20482584553255948,7.555745373457577,6.501859109637231,-1.0538862638203454
2022-07-01,1.237212585720048,-0.0038933812518717748,0.08139977940439151,-0.10258724428399539,-0.007039999999999935,0.053906329371126646,6.135335828245027,0.01921999999999995,1.116853814671004,0.043653807715370266,0.3514291405238522,0.2223888157228245,9.147879475837776,7.878119675253092,-1.2697598005846835
2022-08-01,1.2496389891696753,-0.0038933812518717748,0.11874560257312293,0.027397810585521754,-0.0038400000000002876,0.05375863470134097,4.217871602082131,0.01984595378613614,1.1560506863780355,0.043653807715370266,0.3477897252090799,0.22447087280790184,7.451490303756444,6.497401039584161,-0.9540892641722829
2022-09-01,1.0325238422967267,-0.015573525007487321,0.12310231023102292,0.19546460176991468,-0.005116929842094465,0.05375863470134097,2.88959813175051,0.018917567026810755,0.7861856531272844,0.05373313343328352,0.5101711783439488,0.1335187760778865,5.7762833739091475,5.07781324820431,-0.6984701257048371
2022-10-01,1.1620483697248616,-0.01881560705090124,0.19723461195361291,0.4943521594684377,0.06934291991212334,0.05212010549807276,1.5151602104256332,0.01114773748876261,0.8736522480289795,0.05373313343328352,0.6560661582648315,0.16151018380526522,5.227552230952962,4.666202367923589,-0.5613498630293732
2022-11-01,0.923135345666989,-0.031418224527747896,0.10950177235131923,0.5182266505636113,0.02391629297458877,0.05226212213430732,1.5928977794090649,0.014865134865135188,0.8633401661452151,0.05373313343328352,0.7519376787299081,0.15429368400079682,5.026691535746471,4.417869144099629,-0.608822391646842
2022-12-01,0.8353478429848427,-0.036928487690504164,0.10266811066259782,0.6285556003223176,0.015592680986475926,0.05211481894715493,1.68698604992658,0.015179374437893921,1.0321846484165327,0.08586102719033253,0.7889666042754407,0.18160095579450514,5.388129226254169,4.745896776745107,-0.6422324495090628
2023-01-01,0.8212539851222114,-0.0408995919992039,0.12471976986410117,0.7184374999999977,0.08706166868198295,0.026320501342882663,0.7255606233371362,0.013854404608203507,0.8116963275383194,0.023775945972788516,0.5964241793586226,0.21181133571145522,4.120016649538497,3.687592684132457,-0.43242396540604044
2023-02-01,0.8637457871930656,-0.04015143967320912,0.16123034319058477,0.8363241824788104,0.12301483200484284,0.0037004405286344523,0.5955956678700348,0.01354249404289134,0.5691557788944721,0.023775945972788516,0.57966021708353,0.17776020559454367,3.9073544551809896,3.6176470588235254,-0.2897073963574641
2023-03-01,0.8317735413056032,-0.04142956973145662,0.17433593364273786,0.9475093462665423,0.12455767869780629,0.0037004405286344523,-0.1621667805878339,0.012932061978545706,0.30406758448060034,0.03724220384577044,0.5669252601702935,0.23224534069618413,3.0316930412934275,2.841625448550089,-0.1900675927433384
2023-04-01,0.8108415466262318,-0.03985180734955451,0.1715129441874203,0.9741873611952327,0.10368141237837278,0.003013698630136963,-1.3025113609184422,0.01478684288979446,-0.07352532111592924,0.058077994428969014,0.6043846300171204,0.20683811212927453,1.531436053098627,1.3458050968788937,-0.18563095621973336
2023-05-01,0.5950506186726655,-0.04121756487025962,0.09607881580237244,1.0940072639225165,0.10103569632981432,0.003013698630136963,-1.0082321730042607,0.016332007952286197,-0.17554839832869087,0.058077994428969014,0.5702648818000576,0.1615717092337917,1.470434550569399,1.3479923518164627,-0.12244219875293627
2023-06-01,0.5223364485981294,-0.041392379812487556,0.11919537979639795,1.1129646418857695,0.08593186372745479,0.003013698630136963,-2.1995060619667712,0.015404492148678029,-0.20472677361242145,0.03406865169650812,0.5720668257756555,0.15715124241831405,0.17650802928536427,-0.15097188148708307,-0.3274799107724473
2023-07-01,0.4176399814900495,-0.03678091801964323,0.12206673842841767,1.1421544960772492,0.09268390459009837,0.03177460379573489,-2.9724429651203117,0.018485390578413495,-0.2923025658113966,0.03032640949554897,0.541022964509395,0.1641668298413947,-0.7412051301450497,-1.3193347579671166,-0.5781296278220669
2023-08-01,0.338813793103447,-0.03658047704950895,0.08516542155816481,1.3243050677370798,0.12494993992791378,0.03177460379573489,-1.735053473936131,0.017562866514262997,-0.15960386151797562,0.03032640949554897,0.5209092634776004,0.09846153846153811,0.6410310915676752,0.4411488642763306,-0.19988222729134464
2023-09-01,0.37870472008781597,-0.025048169556840083,0.08654068646355538,1.2718028197180273,0.1294094094094092,0.03177460379573489,-0.08182925838680853,0.020652281992642175,-0.157530014124294,0.11439849995065639,0.36917363045496715,0.10836901518100461,2.2464182249858706,2.3639988607234264,0.11758063573755573
2023-10-01,0.10094825250609617,-0.030076705692369865,-0.05123456790123451,1.0794780192517597,0.01626429479034286,0.031354523227383926,0.8476603119584049,0.02437543545336911,-0.06739573186930017,0.11439849995065639,0.3083318223028111,0.1259036728365146,2.500007826814434,2.5095057034220547,0.009497876607620803
2023-11-01,0.366505430318519,-0.02849636216653184,0.08648622891451431,1.1730643402399155,0.09020771513353125,0.031214551144142268,-0.6740134028294854,0.018184529727580355,0.08460916442048536,0.08372643836968298,0.22411056620597303,0.11828793774319166,1.5738871372215184,1.6753431140558384,0.10145597683431995
2023-12-01,0.3805588639486935,-0.024852911341042838,0.09011744485820644,1.1196914251805028,0.15390400791687284,0.031214551144142268,-0.7747429041546684,0.016338504375496908,-0.17384642022335758,0.08372643836968298,0.23291071903537477,0.10037757769387098,1.2353972968037745,1.425335095336977,0.18993779853320247
2024-01-01,0.39133764931157183,-0.025420211662170455,0.1274326132670613,1.1446342185803122,0.07879144594859752,0.02829525483304045,0.15595184212908553,-0.01011469250543796,-0.15591034960193825,0.11986964250444383,0.08054804084126,0.14057164780356715,2.0759871014493934,2.297864225781865,0.22187712433247153
2024-02-01,0.31014046216583596,-0.02480797176665972,0.11295615275813325,1.0413752339670952,0.047260007773027725,0.02829525483304045,-0.35195976413458097,-0.014096480822459368,0.03663796929084919,0.11986964250444383,0.09602966841186841,0.18649740334679735,1.5881975783273916,1.7409404863279354,0.1527429080005438
2024-03-01,0.30201598256447393,-0.021766298687773245,0.09532920652785563,1.0660440424695303,0.05698715453483842,0.02829525483304045,-0.09334715742180678,-0.010118694362017844,-0.25454621357602014,0.11986964250444383,0.04292097424215819,0.0895232657721948,1.4212071594009175,1.6597510373443924,0.23854387794347498
2024-04-01,0.14822771213748723,-0.020648659922828272,0.08738654439973828,1.0776523702031593,-0.010260396424407148,0.02843194688537385,0.45880602240896357,-0.017782612995747127,-0.13851340103212953,0.10220783043862265,0.06596546586028618,0.12400496325283968,1.9054777852113587,2.015445469956667,0.10996768474530838
2024-05-01,0.2393421998562164,-0.020922244196939666,0.10813488283482588,1.0333333333333399,0.003431133638756023,0.02843194688537385,0.5118825561312602,-0.012261445663996484,0.05073055631182483,0.10220783043862265,0.04118112312153876,0.14962153875634812,2.2351134114471702,2.329968870861232,0.09485545941406182
2024-06-01,0.2373525438991427,-0.019248777442513743,0.08978743504959903,1.071134523461125,0.004683840749414259,0.02843194688537385,0.48628072957970014,-0.014408623417721467,0.1812646370023421,0.10220783043862265,0.03324498630621149,0.1173302778573472,2.3180613503686436,2.4097524097524303,0.09169105938378674
2024-07-01,0.28140495867768867,-0.019560919779419317,0.07691799565914903,1.0951824817518265,-0.011843771306126172,0.0029462406734264146,-0.0076273400087052854,-0.035832839359810534,0.27249731855559495,0.1055877442796819,-0.0018781412573851575,0.20832378770523122,1.9661175155911526,2.0054608793898865,0.03934336379873393
2024-08-01,0.38766828217555266,-0.020181004889212484,0.10892840253475797,1.0738601236476095,-0.03515128155714002,0.0030801607040364942,-0.2788151417416399,-0.030332081439019932,0.09923076923076887,0.10641264853186697,0.01632328234149729,0.18289221327195976,1.6139163728110373,1.6914307074105128,0.07751433459947554
2024-09-01,0.2641559829059845,-0.021323070522155207,0.08742953776775642,1.1471852708694832,-0.04063883009428508,0.0029462406734264146,-1.292795294886457,-0.03368233899644406,0.41609090076056054,0.06980497646267599,0.03697263901147392,0.24926315789473677,0.8854091718467565,0.816175106659256,-0.06923406518750053
2024-10-01,0.3513717052178592,-0.020395421436004146,0.12446323389701679,1.187398999615236,-0.0065350578624912,0.0029462406734264146,-1.7493693693693693,-0.033981828955164974,0.2630442605253689,0.06980497646267599,0.06785993570249307,0.22566052081353405,0.482268195284581,0.48219584569733076,-7.234958725022e-05
2024-11-01,0.19507467994309977,-0.020074890784273047,0.04474368499257042,1.1569292696952278,-0.05264069264069278,0.0029462406734264146,-0.750958452597798,-0.02880300484333307,0.22657502863688447,0.10037735849056602,0.06259832310484907,0.2909646609360067,1.2277322056065336,1.2381307019176946,0.010398496311160965
2024-12-01,0.23131241084165677,-0.018204514719650455,0.04600799330792788,1.2179737623288305,-0.10182230195448945,0.0029462406734264146,-0.8739704604691579,-0.02913245622712455,0.542737278960664,0.10037735849056602,0.02377028071078997,0.23913830902678512,1.3811339009702244,1.3029315960912058,-0.07820230487901858
2025-01-01,0.12113849973399456,0.015969338869370908,0.009718387631142966,1.231235074983281,-0.05729056965055079,0.005895300985740315,-0.5413703537841463,-0.019065568891975092,0.3424710424710424,0.06734517522803603,0.06249029251876759,0.18500234631628273,1.423538966410986,1.3514773045018025,-0.07206166190918362
2025-02-01,0.0244615793671898,0.0147951037786056,-0.012335886214442437,1.3788643533123033,-0.056989659134431395,0.005895300985740315,-0.22054380664652545,-0.01662363455809347,0.3148464314001588,0.06734517522803603,0.03484287559190602,0.1734417344173437,1.707999567527791,1.6553519947921425,-0.05264757273564857
2025-03-01,0.024526792855237466,0.015011178537208458,-0.01263445761166806,1.371801715919926,-0.058437709150014075,0.005895300985740315,-0.6716000000000005,-0.01938076808573965,0.20568867589634332,0.06734517522803603,0.019167464948183954,0.17777777777777715,1.1251611473010303,1.1410018552875822,0.015840707986551905
2025-04-01,0.0,0.015227345330635744,-0.011431175934366688,1.407991627818476,0.009045715956720813,0.005760765550239411,-1.2973096834422466,-0.01048443250770934,0.24815515610217656,0.06437398218220083,0.08878853669127244,0.19415730337078685,0.714275141118186,0.7570162481536302,0.042741107035444204
2025-05-01,-0.017065630244678064,0.014565171167340019,0.016436081903707645,1.3814705882352947,0.00031158714702996806,0.005760765550239411,-1.605439679626229,-0.023389258413581072,0.44238048255448936,0.06437398218220083,0.11600698995194282,0.17077052710420304,0.5661816075119598,0.5438790560471807,-0.022302551464779108
2025-06-01,0.07574362606232418,0.012200297050710684,-0.04825715074036628,1.3642580157003628,-0.014030985092077942,0.005760765550239411,-1.2661550268610906,-0.021867858917039653,0.13565254969749352,0.06437398218220083,0.10051881814984162,0.19323019221753412,0.6014272250001328,0.5997969917873824,-0.0016302332127503538
2025-07-01,-0.015793643806673585,0.017616470338533308,-0.058732939874584764,1.3601414427157024,0.04817675237071058,0.002672775868652044,-0.6601097656590302,-0.0024787606196899903,0.137345549298142,0.06799501867995046,0.0914270594461109,0.13844873809743916,1.126708696855262,1.1722355547350904,0.045526857879828464
2025-08-01,-0.1120384111741583,0.018048625119439388,-0.10816700238051634,1.2262970593744185,0.07420109119251705,0.0025388947217715786,-0.7390326209223836,-0.007425890807465685,-0.01562051195404277,0.06717747342208638,0.07704455227172492,0.1670706694014541,0.650093928264845,0.7167800036757876,0.06668607541094262
2025-09-01,0.06268891412597152,0.0189180571792964,-0.09634816035145571,1.2338711181572293,0.06205418047164244,0.002672775868652044,-0.3388958594730245,0.00588176552826043,-0.0061074442309298595,0.06310716310716287,0.07231539204495481,0.12791747259832392,1.2080753750260835,1.2603495860165514,0.05227421099046792
2025-10-01,0.08204231509005303,0.018483110261312774,-0.09667673716012101,1.2615541922290365,0.07951666341843691,0.002672775868652044,0.4320089327254129,0.006500249625561239,0.13487622923024797,0.06310716310716287,0.10693691367587496,0.1468833195630225,2.237905127634653,2.168696936138792,-0.0692081914958611
2025-11-01,0.09920224423599625,0.017089480946820945,-0.16811434854315555,1.3591954022988528,0.09295774647887356,0.002672775868652044,-0.20693123628383245,0.0034021749975057247,0.15044781116598308,0.06310716310716287,0.11315225773284183,0.09939704001461677,1.625578512020318,1.6091954022988464,-0.0163831097214715
2025-12-01,0.1403717993686419,0.015999152362788704,-0.16244385369878078,1.3682877218934888,0.08550809440218429,0.002672775868652044,0.31437020608077204,0.00681046534851204,0.008267243451093486,0.06310716310716287,0.0929414784394245,0.17406964991270826,2.1099618965366482,2.048690858980251,-0.06127103755639718
